Name	County	Address	Eircode	LatitudeDD	LongatudeDD	Capacity	Tag
AbbeyBreaffy Nursing Home	Mayo	Dublin Road (N5), Castlebar	F23NY75	53.877612	-9.2250226	55	abbeybreaffy-nursing-home
Abbeygale House	Wexford	Farnogue, Old Hospital Road	Y35HK84	52.3437358	-6.4782733	30	abbeygale-house
Abbey Haven Care Centre & Nursing Home	Roscommon	Carrick Road, Boyle	F52AX24	53.9703135	-8.2916505	63	abbey-haven-care-centre-nursing-home
Abbeylands Nursing Home	Cork	Carhoo, Kildorrery	P67NH76	52.2532665	-8.4351001	50	abbeylands-nursing-home
Abbeyleix Community Nursing Unit	Laois	Ballinakill Road, Abbeyleix	R32FV52	52.9118533	-7.3427872	10	abbeyleix-community-nursing-unit
Abbot Close Care Centre	Limerick	St. Marys Terrace, Askeaton	V94F864	52.6016793	-8.9767441	65	abbot-close-care-centre
Aclare House Nursing Home	Dublin	4/5 Tivoli Terrace South, Dun Laoghaire	A96FX74	53.2891034	-6.1425016	27	aclare-house-nursing-home
Acorn Lodge	Tipperary	Ballykelly, Cashel	E25W528	52.5591248	-7.847781	50	acorn-lodge
Adare and District Nursing Home	Limerick	Adare Road, Croagh	V94TN82	52.5353419	-8.8680505	84	adare-and-district-nursing-home
Ailesbury Private Nursing Home	Dublin	58 Park Avenue, Sandymount	D04Y437	53.3249123	-6.2121858	42	ailesbury-private-nursing-home
Aisling House Nursing Home	Wicklow	Sea Bank, Arklow	Y14X670	52.8189927	-6.1274989	50	aisling-house-nursing-home
Altadore Nursing Home	Dublin	Upper Glenageary Road, Glenageary	A96EW77	53.278521	-6.1298079	62	altadore-nursing-home
Alzheimer's Care Centre	Dublin	Highfield Healthcare, Swords Road, Whitehall	D09H343	53.3783806	-6.2446321	119	alzheimers-care-centre
Amberley Home and Retirement Cottages	Cork	Acres , Fermoy 	P61AP57	52.1525887	-8.3277153	71	amberley-home-and-retirement-cottages
Anam Cara Housing with Care	Dublin	Anam Cara, St Canice's Road, Glasnevin	D11FF10	53.3821462	-6.2747268	56	anam-cara-housing-care
Annabeg Nursing Home	Dublin	Meadow Court, Ballybrack	A96KW54	53.2526847	-6.1292957	41	annabeg-nursing-home
Anna Gaynor House	Dublin	Our Lady’s Hospice & Care Services, Harold's Cross	D6WRY72	53.3265497	-6.2814862	89	anna-gaynor-house
Anovocare Nursing Home	Dublin	Stockhole Lane, Cloghran, Swords	K67T8P0	53.4277314	-6.2140959	112	anovocare-nursing-home
Aperee Living Bantry	Cork	Seafield, Bantry 	P75KT35	51.6722385	-9.4736733	50	aperee-living-bantry
Aperee Living Camp	Kerry	Knockglassmore, Camp, Tralee	V92YY96	52.2256032	-9.8905654	34	aperee-living-camp
Aperee Living Churchtown	Cork	Churchtown, Mallow	P51F519	52.2718314	-8.7359941	50	aperee-living-churchtown
Aperee Living Conna	Cork	Conna, Mallow	P51W110	52.0910604	-8.1042495	50	aperee-living-conna
Aperee Living Galway	Galway	Ballinfoyle, Headford Road	H91HD74	53.2978589	-9.036341	60	aperee-living-galway
Aperee Living Tralee	Kerry	Skahanagh, Tralee	V92AX22	52.2461287	-9.6892256	68	aperee-living-tralee
Araglen House Nursing Home	Cork	Loumanagh, Boherbue, Mallow	P51T990	52.1514629	-9.0850301	91	araglen-house-nursing-home
Aras Chois Fharraige	Galway	Pairc, An Spidéal	H91H9C7	53.2469783	-9.2587798	42	aras-chois-fharraige
Áras Deirbhle Community Nursing Unit	Mayo	Aras Deirbhle, Belmullet Community Hospital, Belmullet	F26K1H9	54.2282824	-9.986336	30	aras-deirbhle-community-nursing-unit
Aras Ghaoth Dobhair	Donegal	Meenaniller, Derrybeg, Letterkenny	F92X295	55.0748195	-8.281463	41	aras-ghaoth-dobhair
Aras Mhathair Phoil	Roscommon	Knockroe, Castlerea	F45X891	53.7625104	-8.4827311	24	aras-mhathair-phoil
Áras Mhic Dara Community Nursing Unit	Galway	Barrarderry, Carraroe	H91AE16	53.2610471	-9.6068507	34	aras-mhic-dara-community-nursing-unit
Aras Mhic Shuibhne	Donegal	Mullinasole, Laghey	F94DV22	54.6037601	-8.1297508	48	aras-mhic-shuibhne
Aras Mhuire Nursing Facility	Louth	Beechgrove, Drogheda	A92HN29	53.7223551	-6.3504003	30	aras-mhuire-nursing-facility
Aras Mhuire Nursing Home	Kerry	Greenville, Listowel	V31WF61	52.4484603	-9.498364	40	aras-mhuire-nursing-home
Áras Ronáin Community Nursing Unit	Galway	Manister, Kilronan, Inishmore, Aran Islands	H91NX90	53.1283495	-9.6861404	12	aras-ronain-community-nursing-unit
Aras Ui Dhomhnaill Nursing Home	Donegal	Milford	F92HX32	55.0704715	-7.6812304	48	aras-ui-dhomhnaill-nursing-home
Archersrath Nursing Home	Kilkenny	Archersrath , Kilkenny	R95VA43	52.6597761	-7.2104131	61	archersrath-nursing-home
Archview Lodge Nursing Home	Donegal	Drumany, Letterkenny	F92KT99	54.9425901	-7.6911799	30	archview-lodge-nursing-home
Ardeen Nursing Home	Tipperary	Abbey Road, Thurles	E41CY91	52.6760116	-7.8281655	36	ardeen-nursing-home
Ard Na Rí Nursing Home	Limerick	Holycross, Bruff	V35P027	52.5005671	-8.5421146	32	ard-na-ri-nursing-home
Arus Breffni Nursing Unit	Leitrim	Arus Breffni Nursing Unit, Manorhamilton	F91Y264	54.3048162	-8.168408	25	arus-breffni-nursing-unit
Arus Carolan Nursing Unit	Leitrim	Castle Street, Mohill	N41R9T3	53.9227034	-7.8641955	36	arus-carolan-nursing-unit
Asgard Lodge Nursing Home	Wicklow	Monument Lane, Kilbride, Arklow	Y14E862	52.8132285	-6.1570627	34	asgard-lodge-nursing-home
Ashbury Nursing Home	Dublin	1A Kill Lane, Kill O'The Grange, Blackrock	A94RK81	53.2801104	-6.1587681	91	ashbury-nursing-home
Ashford House Nursing Home	Dublin	6 Tivoli Terrace East, Dun Laoghaire	A96T853	53.289214	-6.1395604	78	ashford-house-nursing-home-0
Ashlawn House Nursing Home	Tipperary	Carrigatoher, Nenagh	E45FA31	52.8353778	-8.273881	52	ashlawn-house-nursing-home
Ashley Lodge Nursing Home	Kildare	Tully East, Kildare	R51VW22	53.1355233	-6.9009082	55	ashley-lodge-nursing-home
Athlunkard House Nursing Home	Clare	Athlunkard, Westbury	V94C564	52.6833244	-8.5994026	103	athlunkard-house-nursing-home
Atlanta Nursing Home	Wicklow	Sidmonton Road, Bray	A98KW25	53.2009227	-6.102954	43	atlanta-nursing-home
Ave Maria Nursing Home	Mayo	Tooreen, Ballyhaunis	F35AC63	53.8307445	-8.7659587	41	ave-maria-nursing-home
Bailey's Nursing Home	Sligo	Mountain Road, Tubbercurry	F91AX97	54.0498416	-8.7270633	44	baileys-nursing-home
Ballard Lodge	Laois	Ballard Lodge NH, Borris Road, Portlaoise	R32YW82	53.0469908	-7.2821436	24	ballard-lodge
Ballinamore House Nursing Home	Mayo	Ballinamore, Kiltimagh	F12HW70	53.8290423	-9.0421166	51	ballinamore-house-nursing-home
Ballinamore Nursing Unit	Leitrim	Tully, Ballinamore	N41XC92	54.0501775	-7.8028837	20	ballinamore-nursing-unit
Ballinasloe Community Nursing Unit	Galway	Creagh Road, Ballinasloe	H53P2E2	53.3343025	-8.1983357	50	ballinasloe-community-nursing-unit
Ballincollig Community Nursing Unit	Cork	Murphy's Barracks Road, Ballincollig	P31PT10	51.8907081	-8.5892115	100	ballincollig-community-nursing-unit
Ballincurrig Care Centre	Cork	Ballincurrig, Leamlara	T56TC04	51.9918998	-8.2276859	57	ballincurrig-care-centre
Ballinderry Nursing Home	Galway	Ballinderry, Kilconnell, Ballinasloe	H53H973	53.3256811	-8.4049717	42	ballinderry-nursing-home
Ballymote Community Nursing Unit	Sligo	Carrownanty, Ballymote	F56EP48	54.0871994	-8.5181746	32	ballymote-community-nursing-unit
Ballyshannon Community Hospital	Donegal	College Street, Ballyshannon	F94DR40	54.5016411	-8.1840273	60	ballyshannon-community-hospital
Baltinglass Community Hospital	Wicklow	Newtownsaunders, Baltinglass	W91EK59	52.9315169	-6.6791329	54	baltinglass-community-hospital
Bandon Community Hospital	Cork	Hospital Lane, Cloughmacsimon, Bandon	P72W564	51.743994	-8.7245846	25	bandon-community-hospital
Beach Hill Manor Private Nursing Home	Donegal	Lisfannon, Fahan	F93EK06	55.1109421	-7.4656516	48	beach-hill-manor-private-nursing-home
Beaufort House	Meath	HSE Navan Community Health Unit, Beaufort House, Athboy Road, Navan	C15N82V	53.6507165	-6.7006662	44	beaufort-house
Beaumont Residential Care	Cork	Woodvale Road, Beaumont	T12ED00	51.8903751	-8.4227186	73	beaumont-residential-care
Beechfield Manor Nursing Home	Dublin	Shanganagh Road, Shankill 	D18P389	53.2348374	-6.1222189	69	beechfield-manor-nursing-home
Beechlawn House Nursing Home	Dublin	Beechlawn House Nursing Home, High Park, Grace Park Road, Drumcondra	D09YK82	53.378949	-6.2425743	56	beechlawn-house-nursing-home
Beech Lodge Care Facility	Limerick	Kilmallock Road, Bruree	V35E868	52.4230223	-8.6533118	66	beech-lodge-care-facility
Beech Park Nursing Home	Kildare	Dunmurry East, Kildare Town	R51PC58	53.1805758	-6.9150028	47	beech-park-nursing-home
Beechtree Nursing Home	Dublin	Murragh, Oldtown	A45KC97	53.5248252	-6.2865756	79	beechtree-nursing-home
Beechwood House Nursing Home	Limerick	Rathnaneane, Newcastle West	V42P308	52.4479209	-9.0526689	67	beechwood-house-nursing-home
Beechwood Nursing Home	Carlow	Rathvindon, Leighlinbridge	R93DD43	52.7423595	-6.9770889	57	beechwood-nursing-home
Bellvilla Community Unit	Dublin	129 South Circular Road	D08TP2D	53.3314468	-6.2770341	49	bellvilla-community-unit
Belmont House Private Nursing Home	Dublin	Galloping Green, Stillorgan	A94KW44	53.2802093	-6.1874026	157	belmont-house-private-nursing-home
Bethany House Nursing Home	Westmeath	Main Street, Tyrrellspass	N91P5P6	53.3867203	-7.3806704	90	bethany-house-nursing-home
Birr Community Nursing Unit	Offaly	Sandymount, Birr	R42VN80	53.0980192	-7.8996559	74	birr-community-nursing-unit
Bishopscourt Residential Care	Cork	Liskillea, Waterfall, Near Cork	T12RV0P	51.8322328	-8.5498088	60	bishopscourt-residential-care
Blackrock Abbey Nursing Home	Louth	Cockle Hill, Blackrock, Dundalk	A91RP76	53.9582828	-6.3779759	64	blackrock-abbey-nursing-home
Blackrocks Nursing Home	Mayo	The Green Road, Foxford	F26WE00	53.987987	-9.1135836	48	blackrocks-nursing-home
Blair's Hill Nursing Home	Cork	Blair's Hill, Sunday's Well	T23NY65	51.9004108	-8.4906977	37	blairs-hill-nursing-home
Blake Manor Nursing Home	Galway	Ballinderreen, Kilcolgan	H91F510	53.1740558	-8.9021129	39	blake-manor-nursing-home
Blarney Nursing and Retirement Home	Cork	Killowen, Blarney	T23X084	51.9409939	-8.5899428	20	blarney-nursing-and-retirement-home
Borris Lodge Nursing Home	Carlow	Main Street, Borris	R95X060	52.6031564	-6.9292839	52	borris-lodge-nursing-home
Brabazon House	Dublin	2 Gilford Road, Sandymount	D04TN93	53.3283498	-6.2104931	51	brabazon-house
Bramleigh Lodge Nursing Home	Tipperary	Cashel Road, Cahir	E21AY88	52.378946	-7.9229118	26	bramleigh-lodge-nursing-home
Brampton Care & Rehabilitation Centre	Galway	Main Street, Oranmore	H91AR23	53.2681559	-8.9309934	94	brampton-care-rehabilitation-centre
Breffni Care Centre	Cavan	Ballyconnell	H14X048	54.1179325	-7.5839884	18	breffni-care-centre
Brentwood Manor Private Nursing Home	Donegal	Letterkenny Road, Convoy	F93PK11	54.8629392	-7.6626249	56	brentwood-manor-private-nursing-home
Bridhaven Nursing Home	Cork	Spa Glen, Mallow	P51WK80	52.1445368	-8.6420261	182	bridhaven-nursing-home
Brindley Manor Private Nursing Home	Donegal	Letterkenny Road, Convoy	F93ND80	54.8632205	-7.6645348	42	brindley-manor-private-nursing-home
Brookfield Care Centre	Cork	Leamlara	T56YX21	51.965395	-8.2644928	63	brookfield-care-centre
Brookhaven Nursing Home	Kilkenny	Donoughmore, Ballyraggett	R95YP63	52.7818069	-7.330361	71	brookhaven-nursing-home
Brooklodge Nursing Home Lmited	Galway	Ballyglunin, Tuam	H54W950	53.4292634	-8.7960046	45	brooklodge-nursing-home-lmited
Brookvale Manor Private Nursing Home	Mayo	Hazel Hill, Ballyhaunis	F35HX77	53.7589472	-8.7811418	50	brookvale-manor-private-nursing-home
Brymore House	Dublin	Thormanby Road, Howth	D13VK82	53.3825821	-6.0595655	25	brymore-house
Buncrana Community Hospital	Donegal	Maginn Avenue, Buncrana	F93X225	55.1340803	-7.4501095	41	buncrana-community-hospital
Bushfield Care Centre	Galway	Bushfield, Oranmore	H91Y299	53.2744241	-8.8841732	45	bushfield-care-centre
Bushmount Nursing Home	Cork	Bushmount, Clonakilty	P85VP94	51.6211583	-8.8950486	79	bushmount-nursing-home
Bushy Park Nursing Home	Tipperary	Nenagh Road, Borrisokane	E45TX95	52.9882963	-8.1332099	34	bushy-park-nursing-home
Caherass Nursing Home	Limerick	Caherass, Croom	V35RP28	52.536942	-8.718317	50	caherass-nursing-home
Cahercalla Community Care	Clare	Cahercalla Road, Ennis	V95NR59	52.8328995	-9.0038016	112	cahercalla-community-care
Caherciveen Community Hospital	Kerry	Caherciveen	V23PW84	51.9419749	-10.2344962	33	caherciveen-community-hospital
Cahereen Residential Care Centre	Cork	Codrum, Macroom	P12ND25	51.9073185	-8.9950017	27	cahereen-residential-care-centre
Cairnhill Nursing Home	Wicklow	Herbert Road, Bray	A98VF88	53.1988139	-6.1258319	93	cairnhill-nursing-home
Caiseal Geal Teach Altranais	Galway	School Road, Castlegar	H91P2K1	53.2995682	-9.0173841	42	caiseal-geal-teach-altranais
Cara Care Centre	Dublin	Northwood Park, Santry	D09HW01	53.4019053	-6.2581809	102	cara-care-centre
CareBright Community	Limerick	Ardykeohane, Bruff	V35H922	52.4762825	-8.5417885	18	carebright-community
CareChoice Ballynoe	Cork	Whites Cross	T23VH39	51.9418132	-8.4523229	46	carechoice-ballynoe
CareChoice Clonakilty	Cork	Clogheen, Clonakilty	P85PX09	51.6175447	-8.9043989	50	carechoice-clonakilty
Carechoice Dungarvan	Waterford	The Burgery, Dungarvan	X35DE02	52.0999649	-7.6046737	109	carechoice-dungarvan
CareChoice Finglas	Dublin	Finglas Road, Tolka Valley, Finglas	D11X4YP	53.3820472	-6.2920894	89	carechoice-finglas
CareChoice Macroom	Cork	Gurteenroe, Macroom	P12VW62	51.9050618	-8.9724149	62	carechoice-macroom
CareChoice Malahide	Dublin	Mayne River Street, Northern Cross, Malahide Road	D17YF77	53.405691	-6.1802238	165	carechoice-malahide
Carechoice Montenotte	Cork	Middle Glanmire Road, Montenotte	T23A583	51.9066584	-8.4420985	111	carechoice-montenotte
Carechoice Swords	Dublin	Bridge Street, Swords	K67F5D0	53.4590607	-6.2223929	157	carechoice-swords
CareChoice Trim	Meath	Knightsbridge Village, Longwood Road, Trim	C15W8PF	53.5463142	-6.7970082	174	carechoice-trim
Carlingford Nursing Home	Louth	Old Dundalk Road, Carlingford	A91C853	54.0331172	-6.1825367	44	carlingford-nursing-home
Carna Nursing and Retirement Home	Galway	Teach Altranais Charna, Cuideachta Neamhtheoranta, Carna, Connemara	H91YX64	53.3245161	-9.8397167	51	carna-nursing-and-retirement-home
Carndonagh Community Hospital	Donegal	Convent Road, Carndonagh	F93EW7T	55.2452913	-7.2676983	46	carndonagh-community-hospital
Carnew Nursing Home	Wicklow	Gorey Road, Carnew	Y14H425	52.7094845	-6.4832219	90	carnew-nursing-home
Carrigoran House	Clare	Carrigoran, Newmarket-on-Fergus	V95YX84	52.751711	-8.9086678	109	carrigoran-house
Carthage Nursing Home	Offaly	Mucklagh, Tullamore	R35EK85	53.2500796	-7.5503625	59	carthage-nursing-home
Carysfort Nursing Home	Dublin	7 Arkendale Road, Glenageary	A96W566	53.2802655	-6.1179876	49	carysfort-nursing-home
Cashel Residential Older Persons Services	Tipperary	Our Lady's Campus, The Green, Cashel	E25P407	52.5140054	-7.8883096	60	cashel-residential-older-persons-services
Castlebridge Manor Nursing Home	Wexford	Ballyboggan Lower, Castlebridge	Y35C526	52.3900237	-6.4541067	95	castlebridge-manor-nursing-home
Castle Gardens Nursing Home	Wexford	Drumgoold, Enniscorthy	Y21EP11	52.4923568	-6.5397999	64	castle-gardens-nursing-home
Castlemanor Nursing Home	Cavan	Castlemanor Retirement Village, Billil, Drumalee	H12VH73	53.9986791	-7.3420207	75	castlemanor-nursing-home
Castleross	Monaghan	Carrickmacross	A81X242	54.0249785	-6.7082816	125	castleross
Castletownbere Community Hospital	Cork	Castletownbere	P75PW81	51.6518687	-9.9006921	31	castletownbere-community-hospital
Catherine McAuley House	Limerick	Old Dominic Street	V94DX58	52.6708587	-8.6241669	33	catherine-mcauley-house-0
Catherine McAuley House	Dublin	Beaumont Woods, Beaumont	D09A9PD	53.391441	-6.2266273	35	catherine-mcauley-house
Central Park Nursing Home	Galway	Clonberne, Ballinasloe	H53KN24	53.5596973	-8.6460869	70	central-park-nursing-home
Charleville Nursing Home	Cork	Station Road, Rathgoggan, Charleville	P56F386	52.348489	-8.6706051	60	charleville-nursing-home
Cherryfield Housing with Care	Dublin	2D Cherryfield Lawn, Hartstown, Clonsilla	D15DH9C	53.3928428	-6.4214419	56	cherryfield-housing-care
Cherryfield Lodge Nursing Home	Dublin	Milltown Park	D06PN79	53.3172258	-6.2474262	20	cherryfield-lodge-nursing-home
Cherry Grove Nursing Home	Wexford	Priesthaggard, Campile, New Ross	Y34TC61	52.3085873	-6.9653455	60	cherry-grove-nursing-home-0
Cherry Orchard Hospital	Dublin	Cherry Orchard Hospital, Ballyfermot	D10Y821	53.3434575	-6.3782933	113	cherry-orchard-hospital
Clarehaven	Dublin	St Canices Road, Finglas	D11WD50	53.3825869	-6.2748064	47	clarehaven
Claremount Nursing Home	Mayo	Claremount, Claremorris	F12C436	53.7323897	-8.9932732	70	claremount-nursing-home
Clarenbridge Care Centre	Galway	Ballygarriff, Craughwell	H91RW18	53.2357239	-8.8239653	61	clarenbridge-care-centre
Clearbrook Nursing Home	Dublin	Heathfield View, Cappagh Road, Finglas West	D11CX2T	53.3947846	-6.3199992	90	clearbrook-nursing-home
Clonakilty Community Hospital	Cork	Clonakilty	P85K160	51.6304789	-8.8763736	99	clonakilty-community-hospital
Clondalkin Lodge Residential Home	Dublin	New Road, Clondalkin	D22R9Y7	53.3181529	-6.3936002	150	clondalkin-lodge-residential-home
Clonskeagh Community Nursing Unit	Dublin	Clonskeagh Road	D06V406	53.3155872	-6.2387114	90	clonskeagh-community-nursing-unit
Clontarf Private Nursing Home	Dublin	5-7 Clontarf Road, Clontarf 	D03NA78	53.3638855	-6.2241601	34	clontarf-private-nursing-home
Cloverlodge Nursing Home	Kildare	Clonmullion, Athy	R14DD43	52.9974746	-6.9808718	60	cloverlodge-nursing-home
Cluain Arann Welfare Home & Community Nursing Unit	Tipperary	Avondale Crescent, Tipperary Town	E34H563	52.4762253	-8.1561834	30	cluain-arann-welfare-home-community-nursing-unit
Cluain Lir Community Nursing Unit	Westmeath	Longford Road, Mullingar	N91T267	53.5361736	-7.3521914	44	cluain-lir-community-nursing-unit
Cobh Community Hospital	Cork	Aileen Terrace, Cobh	P24AD85	51.8538431	-8.2989336	44	cobh-community-hospital
Cois Abhainn Residential Centre	Cork	Greencloyne, Youghal	P36Y525	51.9619516	-7.8596799	26	cois-abhainn-residential-centre
College View Nursing Home	Cavan	Clones Road, Cavan	H12ER27	54.0062235	-7.357676	69	college-view-nursing-home
Community Hospital of the Assumption	Tipperary	Leigh Road, Thurles	E41YN59	52.6851194	-7.8228178	60	community-hospital-assumption
Corbally House Nursing Home	Limerick	Mill Road, Corbally	V94KC78	52.6877433	-8.6221544	40	corbally-house-nursing-home-0
Corpus Christi Nursing Home	Cork	Mitchelstown	P67X528	52.2603599	-8.2753974	42	corpus-christi-nursing-home
The Cottage Nursing Home	Tipperary	70 Irishtown, Clonmel	E91XA97	52.3520591	-7.7105131	25	cottage-nursing-home-0
Craddock House Nursing Home	Kildare	Craddockstown Road, Naas	W91D432	53.2067238	-6.65196	89	craddock-house-nursing-home
Cratloe Nursing Home	Clare	Gallows Hill, Cratloe	V95NY72	52.7028945	-8.7662313	32	cratloe-nursing-home
Croft Nursing Home	Dublin	2 Goldenbridge Walk , Inchicore	D08AY24	53.3351418	-6.3243178	36	croft-nursing-home
Cuan Chaitriona Nursing Home	Mayo	The Lawn, Castlebar	F23NP64	53.8543503	-9.2901415	58	cuan-chaitriona-nursing-home
Curam Care Home Carrigaline	Cork	Janeville, Carrigaline	P43DC42	51.8263396	-8.3941611	111	curam-care-home-carrigaline
Curam Care Home Dundalk	Louth	Toberona, Dundalk	A91ET86	54.0212948	-6.4291537	82	curam-care-home-dundalk
Curam Care Home, Navan Road	Dublin	Navan Road, Cabra	D07YDW4	53.3635409	-6.30261	144	curam-care-home-navan-road
Curragh Lawn Nursing Home	Kildare	Kinneagh, Curragh	R56RW32	53.1328719	-6.7777082	39	curragh-lawn-nursing-home-0
Dalkey Community Unit for Older Persons	Dublin	Kilbegnet Close, Dalkey	A96X603	53.2767387	-6.1060448	36	dalkey-community-unit-older-persons
D'Alton Community Nursing Unit	Mayo	Convent Road, Claremorris	F12TN30	53.7288901	-9.0051284	29	dalton-community-nursing-unit
Dargle Valley Nursing Home	Wicklow	Cookstown Road, Enniskerry	A98N478	53.1896999	-6.1416621	30	dargle-valley-nursing-home
Darraglynn Nursing Home	Cork	Carrigaline Road, Douglas	T12YP92	51.8675591	-8.4266473	26	darraglynn-nursing-home
Dean Maxwell Community Nursing Unit	Tipperary	The Valley, Roscrea	E53NX53	52.9528218	-7.7987406	27	dean-maxwell-community-nursing-unit
Deerpark Nursing Home	Tipperary	Deerpark Nursing Home, Lattin	E34WF64	52.4728458	-8.2433398	33	deerpark-nursing-home
Donegal Community Hospital	Donegal	Drumlonagher, Donegal Town	F94V670	54.6555702	-8.0990534	29	donegal-community-hospital
Douglas Nursing and Retirement Home	Cork	Moneygourney, Douglas	T12HW35	51.8607837	-8.4020076	58	douglas-nursing-and-retirement-home
Drakelands House Nursing Home	Kilkenny	Drakelands, Kilkenny	R95YR02	52.6458296	-7.2878287	72	drakelands-house-nursing-home
Droimnin Nursing Home	Laois	Brockley Park, Stradbally	R32Y580	53.0154713	-7.1359541	70	droimnin-nursing-home
Drumbear Lodge Nursing Home	Monaghan	Cootehill Road	H18DX45	54.2283702	-6.9685143	94	drumbear-lodge-nursing-home
Drumderrig House	Roscommon	Abbeytown, Boyle	F52RC95	53.9757603	-8.2846497	96	drumderrig-house-0
Duleek Care Centre	Meath	Duleek Nursing Home, Downestown	A92DP2C	53.6579047	-6.4360034	121	duleek-care-centre
Dunabbey House	Waterford	The Spring, Dungarvan	X35FX34	52.0889084	-7.6366953	28	dunabbey-house
Dunboyne Nursing Home	Meath	Waynestown, Summerhill Road, Dunboyne	A86XF89	53.4366583	-6.5327097	61	dunboyne-nursing-home
Dundalk Care Centre	Louth	Inner Relief Road, Marsh South, Haggardstown, Dundalk	A91TKE8	53.9810532	-6.3869379	130	dundalk-care-centre
Dungarvan Community Hospital	Waterford	Springhill, Dungarvan	X35T048	52.087844	-7.6368182	102	dungarvan-community-hospital
Dungloe Community Hospital	Donegal	Gweedore Road, Dungloe	F94Y326	54.9519595	-8.3576434	34	dungloe-community-hospital
Dunlavin Nursing Home	Wicklow	Dunlavin	W91P3C6	53.0620573	-6.6999421	64	dunlavin-nursing-home
Dunmanway Community Hospital	Cork	Dunmanway 	P47WN27	51.7293919	-9.0898057	23	dunmanway-community-hospital
Dunshaughlin Care Home	Meath	Dublin Road, Dunshaughlin	A85A029	53.5048062	-6.5380178	38	dunshaughlin-care-home
Ealga Lodge Nursing Home	Offaly	Main Street, Shinrone, Birr	R42EA34	52.9834153	-7.9245482	48	ealga-lodge-nursing-home
Edenderry Community Nursing Unit	Offaly	Ofalia House, St. Mary's Road, Edenderry	R45K726	53.335884	-7.0631862	28	edenderry-community-nursing-unit
Eliza Lodge Nursing Home	Offaly	Boherdurrow, Banagher	R42XP20	53.1727722	-7.947615	50	eliza-lodge-nursing-home
Elm Green Nursing Home	Dublin	New Dunsink Lane, Castleknock	D15E403	53.3882155	-6.3510046	120	elm-green-nursing-home
Elm Hall Nursing Home	Kildare	Elm Hall Nursing Home, Loughlinstown Road, Celbridge	W23P6EX	53.3363382	-6.5157595	62	elm-hall-nursing-home
Elmhurst Nursing Home	Dublin	Hampstead Avenue, Ballymun Road, Glasnevin	D09XNV2	53.3797704	-6.2597956	44	elmhurst-nursing-home
Ennis Nursing Home	Clare	Showgrounds Road, Drumbiggle, Ennis	V95R968	52.8371983	-8.995652	60	ennis-nursing-home
Ennis Road Care Facility	Clare	Ennis Road, Meelick, Ennis	V94D2T3	52.679281	-8.6993971	84	ennis-road-care-facility-0
Ennistymon Community Hospital	Clare	Dough, Ennistymon	V95CD58	52.9361271	-9.3157987	27	ennistymon-community-hospital
Esker Lodge Nursing Home	Cavan	Esker Place, Cathedral Road	H12T996	54.0017772	-7.3587951	70	esker-lodge-nursing-home
Esker Ri Nursing Home	Offaly	Kilnabin, Clara	R35XH96	53.33437	-7.5952328	143	esker-ri-nursing-home
Eyrefield Manor Nursing Home	Wicklow	Church Lane, Greystones	A63KN63	53.1469031	-6.0700757	53	eyrefield-manor-nursing-home
Fairfield Nursing Home	Cork	Quarry Road, Drimoleague	P47HP28	51.6639653	-9.2729468	49	fairfield-nursing-home
Fairlawns Nursing Home	Cavan	Cavan Road, Bailieborough	A82KP08	53.9173604	-6.9761809	37	fairlawns-nursing-home
Fairy Hill Nursing Home	Cork	Kennel Hill, Mallow	P51FT98	52.1394767	-8.6584538	22	fairy-hill-nursing-home
Falcarragh Community Hospital	Donegal	Ballyconnell, Falcarragh	F92AY61	55.1377848	-8.1008303	11	falcarragh-community-hospital
Farranlea Road Community Nursing Unit	Cork	Farranlea Road	T12E959	51.8903525	-8.5100299	89	farranlea-road-community-nursing-unit
Fearna Manor Nursing Home	Roscommon	Tarmon Road, Castlerea	F45V104	53.7747265	-8.4819462	53	fearna-manor-nursing-home
Fennor Hill Care Facility	Kilkenny	Cashel Road, Urlingford	E41PX70	52.7167341	-7.5892134	56	fennor-hill-care-facility
Ferbane Care Centre	Offaly	Main Street, Ferbane	R42TN84	53.2645986	-7.8254836	61	ferbane-care-centre
Fermoy Community Hospital	Cork	Tallow Road, Fermoy 	P61H582	52.1390149	-8.2559084	44	fermoy-community-hospital
The Fern Dean	Dublin	Deansgrange Road , Blackrock 	A94TN25	53.289934	-6.1680971	140	fern-dean
Firstcare Beneavin House	Dublin	Beneavin House, Beneavin Road, Glasnevin	D11F576	53.3888656	-6.2853265	150	firstcare-beneavin-house
Firstcare Beneavin Lodge	Dublin	Beneavin Road, Glasnevin	D11HA25	53.3887845	-6.2841567	70	firstcare-beneavin-lodge
Firstcare Beneavin Manor	Dublin	Beneavin Road, Glasnevin	D11F576	53.3888656	-6.2853265	115	firstcare-beneavin-manor
Firstcare Blainroe Lodge	Wicklow	Coast Road, Blainroe, Wicklow	A67VK52	52.9454117	-6.0214315	72	firstcare-blainroe-lodge
Firstcare Earlsbrook House	Wicklow	41 Meath Road, Bray	A98DH95	53.1997757	-6.0986505	63	firstcare-earlsbrook-house
Firstcare Mountpleasant Lodge	Kildare	Clane Road, Portgloriam, Kilcock	W23XT7W	53.3872536	-6.6957779	81	firstcare-mountpleasant-lodge
Flannery's Nursing Home	Galway	Chapel Road, Abbeyknockmoy, Tuam	H54PX79	53.4177421	-8.7253345	60	flannerys-nursing-home
The Four Ferns	Dublin	Brighton Road, Foxrock	D18AX22	53.2585825	-6.1718547	144	four-ferns
Foxrock Nursing Home	Dublin	Westminster Road, Foxrock	D18KX82	53.2709363	-6.1714173	40	foxrock-nursing-home
Friars Lodge Nursing Home	Mayo	Convent Road, Ballinrobe	F31XP58	53.6245761	-9.2079305	64	friars-lodge-nursing-home
Gahan House	Kilkenny	Gahan House, High Street, Graiguenamanagh	R95ET80	52.5415741	-6.9619557	12	gahan-house
Garbally View Nursing Home	Galway	Brackernagh, Ballinasloe	H53P688	53.3231051	-8.2393346	36	garbally-view-nursing-home
Gascoigne House Nursing Home	Dublin	37-39 Cowper Road, Rathmines	D06HW18	53.3170122	-6.2569576	50	gascoigne-house-nursing-home
Glebe House Nursing Home	Dublin	Kilternan Care Centre, Glebe Road, Kilternan	D18Y201	53.2416481	-6.2013418	54	glebe-house-nursing-home
Glenashling Nursing Home	Kildare	Oldtown, Celbridge	W23X279	53.3430813	-6.5564619	75	glenashling-nursing-home
Glenaulin Nursing Home	Dublin	Lucan Road, Chapelizod 	D20YT66	53.3530283	-6.3554319	84	glenaulin-nursing-home
Glendonagh Residential Home	Cork	Dungourney, Midleton	P25HK59	51.9789294	-8.0946028	42	glendonagh-residential-home
Glengara Park Nursing Home	Dublin	Lower Glenageary Road, Dun Laoghaire	A96H242	53.2854222	-6.1311095	66	glengara-park-nursing-home-0
Glyntown Care Centre	Cork	Glyntown, Glanmire	T45H795	51.9247825	-8.3871964	38	glyntown-care-centre
Good Counsel Nursing Home	Limerick	Kilmallock Road, Limerick City	V94RT96	52.6422876	-8.5880815	28	good-counsel-nursing-home
Gormanston Wood Nursing Home	Meath	Gormanston	K32NA71	53.6324505	-6.2179936	89	gormanston-wood-nursing-home
Gowran Abbey Nursing Home	Kilkenny	Gowran Abbey Nursing Home Limited, Abbey Court, Gowran	R95Y953	52.6318952	-7.0627177	51	gowran-abbey-nursing-home
Grange Con Nursing Home	Cork	Carrigrohane	T12H271	51.915818	-8.6104162	24	grange-con-nursing-home
Greenhill Nursing Home	Tipperary	Waterford Road, Carrick-on-Suir	E32FY09	52.3512614	-7.3971904	55	greenhill-nursing-home
Greenpark Nursing Home	Galway	Tullinadaly Road, Tuam	H54C596	53.5207595	-8.8529523	51	greenpark-nursing-home
Greystones Nursing Home	Wicklow	Church Road, Greystones 	A63HK44	53.1482564	-6.0667087	58	greystones-nursing-home
Griffeen Valley Nursing Home	Dublin	Esker Road, Esker, Lucan	K78V208	53.3490562	-6.439173	26	griffeen-valley-nursing-home
Hamilton Park Care Facility	Dublin	Balrothery, Balbriggan	K32X377	53.5932345	-6.1886897	135	hamilton-park-care-facility
Harbour Lights Nursing Home	Donegal	Townasligo, Bruckless	F94N597	54.6415899	-8.4222632	56	harbour-lights-nursing-home
Haven Bay Care Centre	Cork	Ballinacubby, Kinsale	P17A580	51.703182	-8.5314268	127	haven-bay-care-centre
Hazel Hall Nursing Home	Kildare	Prosperous Road, Clane	W91DA07	53.2895582	-6.7022299	46	hazel-hall-nursing-home
Heather House Community Nursing Unit	Cork	St Mary's Health Campus, Gurranabraher	T23FFX9	51.9049923	-8.5015879	85	heather-house-community-nursing-unit
Hillcrest House Nursing Home	Donegal	Long Lane, Letterkenny	F92YY38	54.961956	-7.7429804	58	hillcrest-house-nursing-home
Hillside Nursing Home	Galway	Attidermot, Aughrim, Ballinasloe	H53E090	53.3016848	-8.3208411	24	hillside-nursing-home
Hillview Convalescence & Nursing Home	Carlow	Tullow Road	R93YX46	52.8303609	-6.9050463	54	hillview-convalescence-nursing-home
Hillview Private Nursing & Retirement Residence	Meath	Rathfeigh, Tara	C15V291	53.5942305	-6.4857273	26	hillview-private-nursing-retirement-residence
Hollybrook Lodge	Dublin	St Michael's Estate, Bulfin Road, Inchicore	D08KF63	53.3387745	-6.3162632	50	hollybrook-lodge
Hollymount Private Nursing and Retirement Home	Mayo	Kilrush, Hollymount, Claremorris	F12R292	53.6560677	-9.1185611	36	hollymount-private-nursing-and-retirement-home
Holy Family Nursing Home	Galway	Magheramore, Killimor, Ballinasloe	H53KP28	53.1719249	-8.2910106	70	holy-family-nursing-home
Holy Family Residence	Dublin	Little Sisters of the Poor, Holy Family Residence, Roebuck Road, Dundrum	D14C7W2	53.302609	-6.226834	60	holy-family-residence
Holy Ghost Residential Home	Waterford	Cork Road	X91NN88	52.2523288	-7.1206721	60	holy-ghost-residential-home
Howth Hill Lodge	Dublin	Thormanby Road, Howth	D13KN22	53.3746714	-6.0553026	48	howth-hill-lodge
Joe & Helen O'Toole Community Nursing Unit	Galway	Sean Purcell Road, Tuam	H54EP04	53.511468	-8.8509258	25	joe-helen-otoole-community-nursing-unit
Kanturk Community Hospital	Cork	Kanturk	P51PT61	52.1761659	-8.916663	29	kanturk-community-hospital
Kenmare Community Nursing Unit	Kerry	Kenmare	V93AW24	51.8890912	-9.58164	35	kenmare-community-nursing-unit
Kenmare Nursing Home	Kerry	Killaha East, Kenmare	V93KT10	51.8617952	-9.6049153	26	kenmare-nursing-home-0
Kerlogue Nursing Home	Wexford	Kerlogue	Y35ND37	52.3180252	-6.4568013	89	kerlogue-nursing-home
Kilbarry Care Centre	Waterford	Carrigea Crescent, Kilbarry	X91HDA2	52.2306051	-7.1389159	90	kilbarry-care-centre
Kilbrew Recuperation and Nursing Care	Meath	Kilbrew Demense, Curragha, Ashbourne	A84TR72	53.5474273	-6.4473866	74	kilbrew-recuperation-and-nursing-care
Kilcara House Nursing Home	Kerry	Kilcara, Duagh, Listowel	V31W266	52.3985326	-9.3578666	31	kilcara-house-nursing-home
Kilcolgan Nursing Home	Galway	Killeely More, Kilcolgan	H91Y7N3	53.2102001	-8.8587891	48	kilcolgan-nursing-home
Kilcoole Lodge Nursing Home	Wicklow	Lott Lane, Kilcoole	A63YW71	53.1109226	-6.0589909	89	kilcoole-lodge-nursing-home
Kilkenny Care Centre	Kilkenny	Newpark Crescent, Newpark	R95W2RP	52.6594971	-7.2444775	90	kilkenny-care-centre
Killarney Community Hospitals	Kerry	St Margaret's Road, Killarney	V93XN79	52.0669653	-9.5164311	66	killarney-community-hospitals
Killarney Nursing Home	Kerry	Rock Road, Killarney	V93Y381	52.0634499	-9.5150248	56	killarney-nursing-home
Killeline Care Centre	Limerick	Cork Road , Newcastle West	V42C501	52.4448531	-9.0455929	63	killeline-care-centre
Killure Bridge Nursing Home	Waterford	Airport Road 	X91NP44	52.2175261	-7.0936949	79	killure-bridge-nursing-home
Killybegs Community Hospital	Donegal	Donegal Road, Killybegs	F94PK84	54.6378879	-8.4388962	34	killybegs-community-hospital
Kilmainhamwood Nursing Home	Meath	Kilmainhamwood, Kells	A82DN84	53.8450849	-6.8032799	43	kilmainhamwood-nursing-home
Kilminchy Lodge Nursing Home	Laois	Kilminchy, Portlaoise, Portlaoise	R32WK35	53.0434197	-7.2682527	74	kilminchy-lodge-nursing-home
Kilrush District Hospital Limited	Clare	Cooraclare Road, Kilrush	V15CH98	52.6417111	-9.4842408	28	kilrush-district-hospital-limited
Kilrush Nursing Home	Clare	Kilimer Road, Kilrush	V15FN44	52.6365993	-9.48095	46	kilrush-nursing-home
Kiltipper Woods Care Centre	Dublin	Kiltipper Road, Tallaght	D24A248	53.2674947	-6.3659413	122	kiltipper-woods-care-centre
Kinsale Community Hospital	Cork	Rathbeg, Kinsale	P17A027	51.7129682	-8.5270785	40	kinsale-community-hospital
Kinvara House Nursing Home	Wicklow	3 - 4 Esplanade, Strand Road, Bray	A98VY10	53.1997859	-6.0969335	36	kinvara-house-nursing-home
Knockeen Nursing Home	Wexford	Knockeen, Barntown	Y35CY80	52.343135	-6.5763461	49	knockeen-nursing-home
Knockrobin Hill Care Home	Wicklow	Knockrobin, Port Road, Wicklow	A67ED27	52.9896416	-6.0629101	99	knockrobin-hill-care-home
Kylemore House Nursing Home	Wicklow	Sidmonton Road, Bray 	A98PA09	53.1994267	-6.1019158	38	kylemore-house-nursing-home
Lake House Nursing Home	Donegal	Portnablagh, Dunfanghy	F92PF58	55.1750082	-7.9288461	47	lake-house-nursing-home
Lakes Nursing Home	Clare	Hill Road, Killaloe	V94NR79	52.8059437	-8.447517	57	lakes-nursing-home
Larchfield Park Nursing Home	Kildare	Monread Road, Naas 	W91PX94	53.2365539	-6.6464268	70	larchfield-park-nursing-home
Larissa Lodge Nursing Home	Donegal	Carnamuggagh, Letterkenny	F92Y726	54.9687913	-7.7323986	64	larissa-lodge-nursing-home
Laurel Lodge Nursing Home	Longford	Templemichael, Longford	N39XE92	53.7348722	-7.7760059	114	laurel-lodge-nursing-home
Lawson House Nursing Home	Wexford	Knockrathkyle, Glenbrien, Enniscorthy	Y21AW82	52.4680971	-6.5212869	65	lawson-house-nursing-home
Leeson Park House Nursing Home	Dublin	10 Leeson Park	D06TC65	53.3272863	-6.2518059	45	leeson-park-house-nursing-home
Leopardstown Care Centre	Dublin	Ballyogan Road	D18A3VR	53.2603519	-6.1947827	101	leopardstown-care-centre
Leopardstown Park Hospital	Dublin	Foxrock 	D18XH70	53.268624	-6.2016719	120	leopardstown-park-hospital
Lexington House	Dublin	Monastery Road, Clondalkin	D22F2N2	53.3209222	-6.3883687	92	lexington-house
Lisheen Nursing Home	Dublin	Stoney Lane, Rathcoole 	D24Y042	53.2801622	-6.4679499	120	lisheen-nursing-home
Little Flower Nursing Home	Galway	Labane, Ardrahan	H91ND26	53.1434952	-8.8005721	50	little-flower-nursing-home
Lough Erril Private Nursing Home	Leitrim	Lough Erril, Mohill	N41XE39	53.9208634	-7.921491	45	lough-erril-private-nursing-home
Loughshinny Residential Home	Dublin	Blackland, Ballykea, Loughshinny, Skerries	K34DV78	53.5462244	-6.1029058	126	loughshinny-residential-home
Lourdesville Nursing Home	Kildare	Athy Road, Kildare Road, Kildare Town	R51PY94	53.139983	-6.9176513	42	lourdesville-nursing-home
Lusk Community Unit	Dublin	Lusk Community Nursing Unit, Station Road, Lusk	K45Y097	53.5233989	-6.1587945	47	lusk-community-unit
Lystoll Lodge Nursing Home	Kerry	Skehenerin, Listowel	V31EC92	52.4485304	-9.4418581	48	lystoll-lodge-nursing-home
The Mac Bride Community Nursing Unit	Mayo	St Marys Crescent, Westport	F28XF79	53.8012055	-9.5240932	29	mac-bride-community-nursing-unit
Macroom Community Hospital	Cork	Macroom	P12AX83	51.9073741	-8.9676474	26	macroom-community-hospital
Maria Goretti Nursing Home	Limerick	Proonts, Kilmallock	V35T104	52.4063025	-8.5703953	57	maria-goretti-nursing-home
Marian House Alzheimer Unit	Mayo	Ballindine East, Ballindine, Claremorris	F12C950	53.6681087	-8.9541477	10	marian-house-alzheimer-unit
Marian House	Dublin	Holy Faith Convent, Glasnevin	D11HN8F	53.3755317	-6.27112	26	marian-house
The Marlay Nursing Home	Dublin	Kellystown Road, Rathfarnham	D16A363	53.2682862	-6.2667822	190	marlay-nursing-home
Maryborough Nursing Home	Cork	Maryborough Hill, Douglas	T12AX28	51.8630653	-8.4102622	37	maryborough-nursing-home
Maryfield Nursing Home	Galway	Farnablake East, Athenry	H65DD54	53.290112	-8.7447291	23	maryfield-nursing-home-0
Maryfield Nursing Home	Dublin	Old Lucan Road, Chapelizod	D20WC89	53.3507313	-6.3496054	69	maryfield-nursing-home
Marymount Care Centre	Dublin	Westmanstown , Lucan	K78FD29	53.3734661	-6.4407074	140	marymount-care-centre
Marymount University Hospital & Hospice	Cork	Curraheen Road, Curraheen	T12A710	51.8705285	-8.5415825	63	marymount-university-hospital-hospice
Maynooth Community Care Unit	Kildare	Leinster Street, Maynooth	W23HT28	53.378787	-6.591581	34	maynooth-community-care-unit
Maynooth Lodge Nursing Home	Kildare	Rathcoffey Road, Crinstown, Maynooth	W23P237	53.3687501	-6.6159726	85	maynooth-lodge-nursing-home
The Meath Community Unit	Dublin	1-9 Heytesbury Street	D08Y1TW	53.3357612	-6.2702714	48	meath-community-unit
Merlin Park Community Nursing Unit 6	Galway	Merlin Park	H91N973	53.2774185	-8.9931997	26	merlin-park-community-nursing-unit-6
Middletown House Nursing Home	Wexford	Ardamine, Gorey	Y25P6H7	52.6337217	-6.2411673	51	middletown-house-nursing-home
Midleton Community Hospital	Cork	The Green, Midleton	P25DT96	51.9177356	-8.1726562	42	midleton-community-hospital
Milford Nursing Home	Limerick	Milford Care Centre, Plassey Park Road, Castletroy	V94H795	52.670802	-8.57159	69	milford-nursing-home
Millbrae Lodge Nursing Home	Tipperary	Newport	V94H2V3	52.7078037	-8.4304387	81	millbrae-lodge-nursing-home
Millbrook Manor Nursing Home	Dublin	Slade Road, Coolmines, Saggart	D24A9RY	53.2758126	-6.4519414	85	millbrook-manor-nursing-home
Millbury Nursing Home	Meath	Commons Road, Navan	C15WY88	53.6414646	-6.7026981	101	millbury-nursing-home
Mill Lane Manor Private Nursing Home	Kildare	Sallins Road, Naas	W91W329	53.2249743	-6.6663245	70	mill-lane-manor-private-nursing-home
Moate Nursing Home	Westmeath	Dublin Road, Moate	N37NT68	53.3962713	-7.7105088	50	moate-nursing-home
Mooncoin Residential Care Centre	Kilkenny	Polerone Road, Mooncoin	X91T638	52.2950773	-7.2616858	78	mooncoin-residential-care-centre
Moorehall Lodge Ardee	Louth	Hale Street, Ardee	A92W967	53.8543736	-6.5348969	125	moorehall-lodge-ardee
Moorehall Lodge Balbriggan	Dublin	Bath Road, Balbriggan	K32XR04	53.6143768	-6.1842632	102	moorehall-lodge-balbriggan
Moorehall Lodge Drogheda	Meath	Dublin Road, Drogheda	A92XP03	53.6983007	-6.3103057	121	moorehall-lodge-drogheda
Mount Alvernia Hospital	Cork	Newberry, Mallow	P51XT95	52.1243508	-8.6846218	42	mount-alvernia-hospital
Mountbellew Nursing Home	Galway	Mountbellew	H53PV34	53.4696748	-8.4984213	35	mountbellew-nursing-home
Mount Cara Nursing Home	Cork	Redemption Road, Blackpool, Cork	T23YY93	51.9086713	-8.4787091	26	mount-cara-nursing-home
Mount Carmel Nursing Home	Tipperary	Abbey Street, Roscrea	E53RD23	52.9518154	-7.8038606	31	mount-carmel-nursing-home
Mount Carmel Supported Care Home	Kilkenny	Prologue, Callan	R95RKW2	52.5412414	-7.3935834	20	mount-carmel-supported-care-home
Mount Hybla Private	Dublin	Farmleigh Woods, Castleknock	D15Y977	53.3681297	-6.35961	66	mount-hybla-private
Mount Sackville Nursing Home	Dublin	College Road, Chapelizod	D20FH56	53.3599641	-6.3562603	33	mount-sackville-nursing-home
Mount Tabor Nursing Home and Care Centre	Dublin	Mount Tabor, Sandymount Green, Sandymount	D04YT68	53.3322367	-6.2136502	46	mount-tabor-nursing-home-and-care-centre
Moycullen Nursing Home	Galway	Ballinahalla, Moycullen 	H91CC60	53.3610368	-9.1743582	53	moycullen-nursing-home
Moyglare Nursing Home	Kildare	Moyglare Road, Maynooth	W23HF82	53.39077	-6.5978176	53	moyglare-nursing-home
Mullinahinch House Private Nursing Home	Monaghan	Mullinahinch	H18PR68	54.2507986	-7.0181716	52	mullinahinch-house-private-nursing-home
Mystical Rose Private Nursing Home	Galway	Knockdoemore, Claregalway	H91HK37	53.3716189	-8.9217853	54	mystical-rose-private-nursing-home
Navan Road Community Unit	Dublin	Kempton Housing Estate, Navan Road	D07R864	53.3713528	-6.326317	38	navan-road-community-unit
Nazareth House	Dublin	Malahide Road, Clontarf	D03KW08	53.3711183	-6.2245817	120	nazareth-house-0
Nazareth House	Donegal	Fahan, Lifford	F93VR99	55.0876233	-7.4677137	48	nazareth-house-1
Nazareth House	Cork	Dromahane, Mallow	P51T889	52.1091579	-8.681045	120	nazareth-house
Nazareth House Nursing Home Sligo	Sligo	Church Hill, Sligo Town	F91A243	54.2674137	-8.4828012	70	nazareth-house-nursing-home-sligo
Nenagh Manor Nursing Home	Tipperary	Yewston, Nenagh	E45K280	52.8608787	-8.2066331	50	nenagh-manor-nursing-home
Nephin Nursing Home	Dublin	132 - 134 Navan Road, Cabra	D07X294	53.3646002	-6.308247	62	nephin-nursing-home
Newbrook Nursing Home	Westmeath	Ballymahon Road, Mullingar	N91D232	53.5160331	-7.372708	119	newbrook-nursing-home-0
New Houghton Hospital	Wexford	Hospital Road, New Ross 	Y34K744	52.3893464	-6.9377913	42	new-houghton-hospital
Newpark Care Centre	Dublin	Newpark , The Ward 	D11RW27	53.4490676	-6.3311481	72	newpark-care-centre
New Ross Community Hospital	Wexford	Hospital Road, New Ross 	Y34NH39	52.3896872	-6.93948	35	new-ross-community-hospital
Newtownpark House	Dublin	Newtownpark Avenue, Blackrock	A94KC59	53.2859793	-6.1745034	62	newtownpark-house
Nightingale Nursing Home	Galway	Lowville, Ahascragh, Ballinasloe	H53TY71	53.3912188	-8.3343775	31	nightingale-nursing-home
Northwood Residential Home	Dublin	Old Ballymun Road, Northwood	D09H32H	53.4028433	-6.2632938	120	northwood-residential-home
Norwood Grange	Cork	Ballinora, Waterfall, Near Cork	T12WA47	51.8638424	-8.5797745	30	norwood-grange
Oakdale Nursing Home	Laois	Kilmalogue, Gracefield, Portarlington	R32P025	53.1622092	-7.2056526	58	oakdale-nursing-home
Oakfield Nursing Home	Wexford	Ballinakill, Courtown, Gorey	Y25NX33	52.6353281	-6.2739984	91	oakfield-nursing-home-0
Oaklodge Nursing Home	Cork	Churchtown South, Cloyne	P25FF88	51.8292237	-8.0826544	65	oaklodge-nursing-home
Oak View Nursing Home	Cavan	The Commons, Belturbet	H14A585	54.091628	-7.4250047	61	oak-view-nursing-home
Oakwood Lodge Nursing Home	Dublin	Kilreesk Road, Skephubble, St Margaret's	K67CX23	53.4488178	-6.2948472	45	oakwood-lodge-nursing-home
Oakwood Private Nursing Home	Roscommon	Circular Road, Ballaghaderreen	F45XT27	53.8981157	-8.5816218	64	oakwood-private-nursing-home-0
Oakwood Private Nursing Home	Roscommon	Hawthorn Drive , Athlone Road, Roscommon	F42A528	53.6242685	-8.1653545	56	oakwood-private-nursing-home
Oghill Nursing Home	Kildare	Oghill , Monasterevin	W34YE26	53.1275227	-6.999007	34	oghill-nursing-home
O'Gorman Home	Kilkenny	Castle Street, Ballyragget	R95EC91	52.788602	-7.3325497	12	ogorman-home
Orwell Private	Dublin	112 Orwell Road, Rathgar	D06TN66	53.3061548	-6.2687592	170	orwell-private
Orwell Queen of Peace	Dublin	Garville Avenue, Rathgar	D06F6C4	53.3165729	-6.2726104	46	orwell-queen-peace
Ospideal Pobal Chorca Dhuibhne (West Kerry Community Hospital)	Kerry	Mail Road, Dingle 	V92PF65	52.1364541	-10.2663359	46	ospideal-pobal-chorca-dhuibhne-west-kerry-community-hospital
Our Lady of Fatima Home	Kerry	Our Lady of Fatima Home, Oakpark, Tralee	V92HW58	52.278772	-9.6910664	66	our-lady-fatima-home
Our Lady of Lourdes Care Facility	Kerry	Kilcummin Village, Killarney	V93A279	52.0965819	-9.4699562	66	our-lady-lourdes-care-facility
Our Lady's Manor	Dublin	Bulloch Castle, Dalkey	A96P9C1	53.2843888	-6.1074168	118	our-ladys-manor
Our Lady's Manor Nursing Home	Longford	Edgeworthstown	N39VR04	53.6939482	-7.6063844	61	our-ladys-manor-nursing-home-0
Padre Pio Nursing Home	Tipperary	Graiguenoe, Holycross, Thurles	E41F6F7	52.6381312	-7.8598173	49	padre-pio-nursing-home-0
Padre Pio Nursing Home	Cork	Sunnyside, Upper Rochestown	T12WF29	51.8687761	-8.3676929	25	padre-pio-nursing-home-1
Padre Pio Rest Home	Waterford	Kilderriheen, Cappoquin	P51XH68	52.1405463	-7.8397487	24	padre-pio-rest-home-0
Parke House Nursing Home	Kildare	Boycetown, Kilcock	W23X3NR	53.4089425	-6.6986338	145	parke-house-nursing-home
The Park Nursing Home	Limerick	Plassey Road, Castletroy	V94NN29	52.6660632	-8.5797434	56	park-nursing-home
Patterson's Nursing Home	Tipperary	Lismackin, Roscrea	E53F402	52.9000236	-7.7986408	24	pattersons-nursing-home-0
Peamount Healthcare Older Persons Service	Dublin	Newcastle	D22Y008	53.3181656	-6.4800896	50	peamount-healthcare-older-persons-service-0
Phoenix Park Community Nursing Units	Dublin	St Mary's Hospital, Phoenix Park	D20TY72	53.3498271	-6.3363463	146	phoenix-park-community-nursing-units
Pilgrims Rest Nursing Home	Mayo	Barley Hill, Westport	F28W525	53.8183051	-9.5362224	33	pilgrims-rest-nursing-home
Plunkett Community Nursing Unit	Roscommon	Elphin Street, Boyle	F52HN88	53.9698495	-8.3040884	34	plunkett-community-nursing-unit
Portiuncula Nursing Home	Westmeath	Multyfarnham	N91RW14	53.6287122	-7.3909851	60	portiuncula-nursing-home
Portumna Retirement Village	Galway	St Brendan's Road, Portumna	H53TF88	53.097053	-8.2268951	63	portumna-retirement-village
Powdermill Nursing Home & Care Centre	Cork	Gunpowdermills, Ballincollig	P31XV25	51.8933755	-8.591356	40	powdermill-nursing-home-care-centre
Prague House Care Company Limited By Guarantee	Kilkenny	Chapel Street, Freshford	R95R8EV	52.7311271	-7.3987101	15	prague-house-care-company-limited-guarantee
Queen of Peace Nursing Home	Mayo	Churchfield, Knock	F12A027	53.7883781	-8.9201069	32	queen-peace-nursing-home
Raheen Community Hospital	Clare	Tuamgraney, Scariff	V94AE71	52.8940118	-8.5076352	25	raheen-community-hospital
Raheny Community Nursing Unit	Dublin	St. Joseph's Hospital Campus, Springdale Road, Raheny	D05VR66	53.3829416	-6.1833123	100	raheny-community-nursing-unit
Raheny House Nursing Home	Dublin	476 Howth Road, Raheny	D05TP26	53.3790543	-6.1814789	43	raheny-house-nursing-home
Ramelton Community Hospital	Donegal	Back Road, Ramelton	F92PX58	55.0343956	-7.6483345	30	ramelton-community-hospital
Rathborne Nursing Home	Dublin	Ashtown	D15CAA4	53.3806962	-6.334069	120	rathborne-nursing-home
Rathkeevan Nursing Home	Tipperary	Rathkeevin, Clonmel	E91EW98	52.3727795	-7.7806759	61	rathkeevan-nursing-home
Ratoath Manor Nursing Home	Meath	Ratoath 	A85YW73	53.5061381	-6.4584525	60	ratoath-manor-nursing-home
Regina House Community Nursing Unit	Clare	Cooraclare Road, Kilrush	V15NH28	52.6432422	-9.4844375	30	regina-house-community-nursing-unit
The Residence Portlaoise	Laois	Block B The Maltings, Harpur's Lane, Portlaoise	R32Y7TC	53.0358719	-7.3062997	101	residence-portlaoise
Retreat Nursing Home	Westmeath	Retreat Heights, Bonnavalley, Athlone	N37DK07	53.419778	-7.9160816	37	retreat-nursing-home
Riada House Community Nursing Unit	Offaly	Arden Road, Tullamore	R35NF29	53.2789772	-7.4919589	35	riada-house-community-nursing-unit
Riverdale House Nursing Home	Clare	Blackwater, Ardnacrusha	V94X9N3	52.7149653	-8.5971694	29	riverdale-house-nursing-home
Riverside Nursing Home	Kerry	Milltown, Abbeydorney, Tralee	V92YN92	52.343311	-9.6971624	27	riverside-nursing-home
Riverstick Care Centre	Cork	Riverstick Nursing Home, Curra, Riverstick	P43Y006	51.7696571	-8.4940693	95	riverstick-care-centre
Rivervale Nursing Home	Tipperary	Rathnaleen, Nenagh	E45DX49	52.8723372	-8.1830644	43	rivervale-nursing-home
Rochestown Nursing Home	Cork	Monastery Road, Rochestown	T12FK84	51.8677991	-8.369459	23	rochestown-nursing-home
Rosedale Residential Home	Kilkenny	Rosedale, Upper Kilmacow	X91F750	52.314055	-7.1715527	15	rosedale-residential-home
Roselodge Nursing Home	Westmeath	Killucan	N91PC95	53.5126121	-7.1436913	50	roselodge-nursing-home
Rosemount House Nursing Home	Galway	Garrabeg Road, Church Street, Gort	H91E223	53.0663058	-8.8229779	40	rosemount-house-nursing-home
Rosenalee Care Centre	Cork	Poulavone, Ballincollig	P31HE98	51.8893515	-8.5777441	66	rosenalee-care-centre
Roseville House Nursing Home	Limerick	Killonan, Ballysimon	V94YN81	52.6411242	-8.5284451	39	roseville-house-nursing-home
Roseville Nursing Home	Wicklow	49 Meath Road, Bray	A98XW24	53.1987426	-6.0979742	29	roseville-nursing-home
The Royal Hospital Donnybrook	Dublin	Morehampton Road, Donnybrook	D04HX40	53.3247839	-6.2482371	64	royal-hospital-donnybrook
Rushmore	Galway	Knocknacarra	H91WR26	53.2609787	-9.1070954	23	rushmore
Rush Nursing Home	Dublin	Kenure, Skerries Road, Rush	K56VW68	53.5303414	-6.0935757	56	rush-nursing-home
Ryevale Nursing Home	Kildare	Leixlip	W23DX80	53.368663	-6.4894035	172	ryevale-nursing-home
Sacré Coeur Nursing Home	Tipperary	Station Road, Tipperary Town	E34R227	52.4685876	-8.1602697	26	sacre-coeur-nursing-home
Sacred Heart Hospital	Carlow	Old Dublin Road, Carlow	R93V825	52.8431016	-6.9248745	63	sacred-heart-hospital-0
Sacred Heart Hospital & Care Home	Roscommon	Golf Links Road	F42W866	53.6232497	-8.1841996	75	sacred-heart-hospital-care-home
Sacred Heart Hospital Castlebar	Mayo	Pontoon Road, Castlebar	F23XV38	53.8633528	-9.299006	74	sacred-heart-hospital-castlebar
Sacred Heart Nursing Home	Kilkenny	Crosspatrick, Johnstown	E41EY74	52.7498943	-7.6009398	48	sacred-heart-nursing-home-0
Sacred Heart Residence	Dublin	Little Sisters of the Poor, Sybil Hill Road, Raheny	D05XK58	53.3735738	-6.1951662	85	sacred-heart-residence
Saint Louis Nursing Home	Kerry	1-2 Clonmore, Ballymullen, Tralee	V92AXV1	52.2666557	-9.6980488	25	saint-louis-nursing-home
Sancta Maria Nursing Home	Meath	Parke, Kinnegad	N91XF65	53.4240167	-7.0744477	71	sancta-maria-nursing-home-1
Santa Sabina House	Dublin	Navan Road, Cabra	D07WK25	53.368395	-6.3097646	38	santa-sabina-house
Shannon Lodge Nursing Home	Roscommon	Main Street, Rooskey	N41YE03	53.8315331	-7.9284457	36	shannon-lodge-nursing-home
Sheelin Nursing Home	Cavan	Tonagh, Mountnugent	A82EK53	53.7954257	-7.2823296	30	sheelin-nursing-home
Shrewsbury House Nursing Home	Dublin	164 Clonliffe Road, Drumcondra	D03PF68	53.3626796	-6.2510868	35	shrewsbury-house-nursing-home
SignaCare Bunclody	Wexford	Newtownbarry, Bunclody	Y21E8V0	52.6552695	-6.6558776	62	signacare-bunclody
SignaCare Killerig	Carlow	Killerig	R93V5X8	52.8370661	-6.7888352	45	signacare-killerig
SignaCare New Ross	Wexford	Newtown Commons, New Ross	Y34VX44	52.4051286	-6.922525	62	signacare-new-ross
SignaCare Waterford	Waterford	Rocklands, Ferrybank, Waterford	X91NT3F	52.2607105	-7.097914	64	signacare-waterford
Silvergrove Nursing Home Limited	Meath	Main Street, Clonee 	D15HW82	53.4101113	-6.438119	28	silvergrove-nursing-home-limited
Simpson's Hospital	Dublin	Ballinteer Road, Dundrum	D16P732	53.2859117	-6.2469709	48	simpsons-hospital
Skibbereen Community Hospital	Cork	Coolnagarrane, Skibbereen	P81PY82	51.5627463	-9.2615025	40	skibbereen-community-hospital
Skibbereen Residential Care Centre	Cork	Baltimore Road, Skibbereen	P81V064	51.5393162	-9.2746089	51	skibbereen-residential-care-centre
Sligo Nursing Home	Sligo	Ballytivnan	F91AY17	54.2822668	-8.4674238	62	sligo-nursing-home
Sonas Nursing Home Ard Na Greine	Sligo	Bothar na Cé, Enniscrone	F26AW86	54.212507	-9.0835183	57	sonas-nursing-home-ard-na-greine-0
Sonas Nursing Home Ashborough	Kerry	Lyre Road, Milltown	V93HH92	52.1404889	-9.7180719	58	sonas-nursing-home-ashborough
Sonas Nursing Home Athlone	Westmeath	Cloghanboy, Ballymahon Road, Athlone	N37AC90	53.4307642	-7.9200294	58	sonas-nursing-home-athlone
Sonas Nursing Home Belmullet	Mayo	Tallagh Road, Belmullet	F26HW71	54.2368488	-9.9957002	48	sonas-nursing-home-belmullet
Sonas Nursing Home Carrick-on-Suir	Tipperary	Waterford Road, Carrick-on-Suir	E32D681	52.3421296	-7.4072087	55	sonas-nursing-home-carrick-suir
Sonas Nursing Home Cloverhill	Roscommon	Lisagallan, Cloverhill	F42VW21	53.6546009	-8.260562	57	sonas-nursing-home-cloverhill
Sonas Nursing Home Innis Ree	Roscommon	Ballyleague, Lanesborough	N39R122	53.6751756	-8.0044606	58	sonas-nursing-home-innis-ree
Sonas Nursing Home Knock	Mayo	Ballyhaunis Road, Knock	F12K292	53.7947811	-8.9138621	57	sonas-nursing-home-knock
Sonas Nursing Home Melview	Tipperary	Prior Park, Clonmel	E91XY26	52.3589854	-7.7057661	81	sonas-nursing-home-melview
Sonas Nursing Home Moyridge	Mayo	Ridgepool Road, Ballina	F26HW56	54.1097656	-9.1552646	55	sonas-nursing-home-moyridge
Sonas Nursing Home Riverview	Mayo	Morrison Terrace, Mullauns, Ballina	F26E799	54.1085532	-9.1598521	59	sonas-nursing-home-riverview
Sonas Nursing Home Tullow	Carlow	Shillelagh Road, Tullow	R93R159	52.8055947	-6.7100884	60	sonas-nursing-home-tullow
St Anne's Community Nursing Unit	Galway	Westport Road, Clifden	H71VE89	53.4941989	-10.0248951	22	st-annes-community-nursing-unit
St Anne's Nursing Home	Monaghan	Clones Road, Ballybay	A75K193	54.1293123	-6.9084825	33	st-annes-nursing-home
St. Anthony's Nursing Home	Limerick	Kilduff Castle, Pallasgreen	V94PF76	52.5647515	-8.3309846	61	st-anthonys-nursing-home
St. Anthony's Unit	Tipperary	Glenconnor Road, Clonmel	E91PP20	52.3545212	-7.7209818	18	st-anthonys-unit
St. Attracta's Residence	Mayo	Hagfield, Charlestown 	F12KN36	53.9358106	-8.7939667	70	st-attractas-residence
St Augustine's Community Nursing Unit	Mayo	Cathedral Road, Abbeyhalfquarter, Ballina	F26XN53	54.1137787	-9.1495568	33	st-augustines-community-nursing-unit
St Brendan's Community Nursing Unit	Galway	Lake Road, Loughrea	H62ND89	53.1894175	-8.5638446	100	st-brendans-community-nursing-unit
St. Brendan's High Support Unit	Mayo	Mulranny, Westport	F28A386	53.9074684	-9.7672355	25	st-brendans-high-support-unit
St Brigid's Hospital	Laois	Shaen, Portlaoise	R32FD60	53.0779097	-7.2501441	23	st-brigids-hospital-0
St Camillus Community Hospital	Limerick	Shelbourne Road	V945V24	52.6687296	-8.641005	73	st-camillus-community-hospital
St. Camillus Community Nursing Unit	Limerick	Shelbourne Road	V945V24	52.6687296	-8.641005	50	st-camillus-community-nursing-unit
St Camillus Nursing Centre	Westmeath	Killucan	N91VF51	53.5062158	-7.1507775	57	st-camillus-nursing-centre
St Carthage's House	Waterford	Townspark East, Lismore	P51V320	52.1308864	-7.9313826	42	st-carthages-house
St Catherine's Nursing Home	Limerick	Bothar Buí, Newcastle West	V42PR80	52.4474374	-9.0603373	73	st-catherines-nursing-home-0
St Colman's Residential Care Centre	Wicklow	Ballinderry Road, Rathdrum	A67AK06	52.9338184	-6.2397826	92	st-colmans-residential-care-centre
St Colmcille's Nursing Home	Meath	Oldcastle Road, Towns Park, Kells	A82D902	53.7278482	-6.8945408	42	st-colmcilles-nursing-home-0
St Columban's Nursing Home	Wicklow	Magheramore	A67HY02	52.9357085	-6.0326702	24	st-columbans-nursing-home
St Columban's Retirement Home	Meath	Dalgan Park, Navan	C15AY2Y	53.6087463	-6.6315384	32	st-columbans-retirement-home
St Columba's Hospital	Kilkenny	Cloughabrody, Thomastown	R95YY96	52.5304343	-7.1320009	45	st-columbas-hospital
St Conlon's Community Nursing Unit	Tipperary	Church Road, Nenagh	E45NW66	52.8668821	-8.1993352	25	st-conlons-community-nursing-unit
St David's Nursing Home	Galway	Gentian Hill, Knocknacarra, Salthill	H91EA46	53.2579034	-9.1085536	18	st-davids-nursing-home
St. Dominic Savio Nursing Home	Clare	Cahilly, Liscannor	V95Y927	52.9451584	-9.4002664	28	st-dominic-savio-nursing-home
St Doolagh's Park Care and Rehabilitation Centre	Dublin	Malahide Road	D17YE97	53.4136661	-6.175401	72	st-doolaghs-park-care-and-rehabilitation-centre
St Elizabeth's Nursing Home	Meath	Kells Road, Athboy	C15EE63	53.6248581	-6.9096849	36	st-elizabeths-nursing-home
Stella Maris Nursing Home	Galway	Cummer, Tuam	H54C992	53.4627336	-8.897436	43	stella-maris-nursing-home
St. Eunan's Nursing Home	Donegal	Rough Park, Ramelton Road, Letterkenny	F92FP21	54.9770873	-7.6794775	42	st-eunans-nursing-home
St Fiacc's House	Carlow	Killeshin Road, Graiguecullen	R93D825	52.837184733326005	-6.94210190411705	17	st-fiaccs-house
St Finbarr's Hospital	Cork	Douglas Road	T12XH60	51.8890278	-8.4598393	73	st-finbarrs-hospital
St Fionnan's Community Nursing Unit	Mayo	Achill Sound 	F28C996	53.9293748	-9.9268971	30	st-fionnans-community-nursing-unit
St Francis Nursing Home	Galway	Kilkerrin, Ballinasloe	H53WF97	53.5631136	-8.5778437	34	st-francis-nursing-home-0
St. Francis' Nursing Home	Louth	Mount Oliver, Dundalk	A91TC21	54.036393	-6.3698398	25	st-francis-nursing-home
St Gabriel's Community Hospital	Cork	Colla Road, Schull	P81NT97	51.5215767	-9.5461104	21	st-gabriels-community-hospital
St Gabriel's Nursing Home	Dublin	Glenayle Road, Edenmore	D05PK84	53.3902861	-6.1800721	68	st-gabriels-nursing-home
St. Gladys Nursing Home	Dublin	53 Lower Kimmage Road, Harold's Cross	D6WC566	53.3222416	-6.283685	51	st-gladys-nursing-home
St. Gobnaits Nursing Home	Limerick	Drewscourt, Ballyagran, Killmallock	V35E188	52.3938362	-8.7607234	20	st-gobnaits-nursing-home-0
St Ita's Community Hospital	Limerick	Gortboy, Newcastlewest	V42HD66	52.4557353	-9.05402	66	st-itas-community-hospital
St. John's Community Hospital	Sligo	Ballytivnan	F91H224	54.27976	-8.4686562	101	st-johns-community-hospital-0
St John's Community Hospital	Wexford	Munster Hill, Enniscorthy	Y21N902	52.4959601	-6.574707	104	st-johns-community-hospital
St John's House	Dublin	202 Merrion Road, Ballsbridge	D04VP92	53.3181846	-6.2100718	58	st-johns-house
St Joseph Community Hospital	Donegal	Mullindrait, Stranorlar	F93FCR6	54.8054332	-7.7510386	63	st-joseph-community-hospital
St Joseph's Care Centre	Longford	Dublin Road , Longford 	N39ER84	53.7237211	-7.7865831	65	st-josephs-care-centre
St. Joseph's Centre	Dublin	Crinken Lane, Shankill 	D18TY00	53.2240704	-6.1267449	61	st-josephs-centre
St Joseph's Community Hospital	Cork	Millstreet	P51TV27	52.0577781	-9.0779326	17	st-josephs-community-hospital
St Joseph's Community Nursing Unit	Meath	Patrick Street, Trim	C15P592	53.5510918	-6.7901012	50	st-josephs-community-nursing-unit
St Joseph's Home	Waterford	Abbey Road, Ferrybank	X91F882	52.2653001	-7.0998262	48	st-josephs-home-0
St Joseph's Home	Kerry	Ballymacprior, Killorglin	V93TD99	52.1150997	-9.780873	48	st-josephs-home
St Joseph's Hospital	Cork	Mount Desert, Lee Road, Cork	T23D30F	51.8998557	-8.5325414	103	st-josephs-hospital-0
St Joseph's Hospital Ardee	Louth	Townspark, Ardee	A92Y394	53.8574951	-6.5437455	17	st-josephs-hospital-ardee
St. Joseph's Hospital	Clare	Lifford Road, Ennis	V95RT99	52.8518061	-8.9779382	76	st-josephs-hospital
St. Joseph's Nursing Home	Kerry	Killowen, Kenmare	V93RW94	51.8870212	-9.569151	50	st-josephs-nursing-home-0
St Josephs Nursing Home	Cavan	Lurgan Glebe, Virginia	A82A268	53.8329569	-7.1212325	52	st-josephs-nursing-home
St Joseph's Supported Care Home	Kilkenny	Kilmoganny	R95T850	52.4601077	-7.3299407	19	st-josephs-supported-care-home
St Joseph's Unit	Cork	Bantry General Hospital, Bantry 	P75DX93	51.67599	-9.4496706	24	st-josephs-unit-0
St Josephs Unit, Listowel Community Hospital	Kerry	St Josephs Unit, Listowel Community Hospital, Greenville, Listowel	V31RF79	52.4472357	-9.4976976	24	st-josephs-unit-listowel-community-hospital
St Lazerian's House	Carlow	Royal Oak Road, Bagenalstown	R21K542	52.6984876	-6.9718482	18	st-lazerians-house
St Luke's Home	Cork	Castle Road, Mahon	T12PY50	51.8967014	-8.3981574	128	st-lukes-home
St Martha's Nursing Home	Cork	Love Lane, Clybee, Charleville	P56H268	52.3570304	-8.6932952	36	st-marthas-nursing-home-0
St Martha's Nursing Home	Tipperary	Glenswilly House, Cappauniac, Cahir	E21K665	52.4114385	-7.9953965	26	st-marthas-nursing-home-1
St Mary's Residential Care Centre	Galway	Shantalla Road	H91VND6	53.2723995	-9.0676266	62	st-marys-residential-care-centre
St Mary's Residential Centre	Monaghan	Shercock Road, Castleblayney 	A75TD61	54.1200575	-6.7448047	70	st-marys-residential-centre
St. Michael's Nursing Home	Limerick	One Hundred Acres East, Caherconlish	V94E400	52.5974886	-8.4762777	80	st-michaels-nursing-home
St Oliver Plunkett Community Unit	Louth	Dublin Road, Dundalk	A91E671	53.9890724	-6.4028861	63	st-oliver-plunkett-community-unit
St Pappin's Nursing Home	Dublin	Ballymun Road, Ballymun	D09DX39	53.3995273	-6.2628801	51	st-pappins-nursing-home
St. Patrick's Care Centre	Dublin	Dublin Street, Baldoyle	D13V085	53.395676	-6.1298503	78	st-patricks-care-centre
St Patrick's Community Hospital	Leitrim	Summerhill, Carrick on Shannon	N41P897	53.9505018	-8.0861551	41	st-patricks-community-hospital
St Paul's Nursing Home	Limerick	St Nessan's Road, Dooradoyle	V94VY10	52.6387737	-8.6521003	57	st-pauls-nursing-home
St. Peter's Nursing Home	Louth	Sea Road, Castlebellingham	A91TV02	53.9010142	-6.3855192	69	st-peters-nursing-home
St Phelim's Nursing Home	Leitrim	Dromahair	F91VY83	54.220204	-8.2960716	76	st-phelims-nursing-home
St Teresa's Nursing Home	Tipperary	Friar Street, Cashel	E25TC65	52.5167736	-7.8843384	30	st-teresas-nursing-home
St. Theresa's Nursing Home	Tipperary	Dublin Road, Thurles	E41V263	52.6798689	-7.7977957	26	st-theresas-nursing-home
St Ursula's Nursing Home	Meath	Golf Links Road, Bettystown	A92PY76	53.6999647	-6.2453508	24	st-ursulas-nursing-home
St Vincent's Care Centre	Westmeath	Coosan Road, Athlone	N37A3K5	53.4268462	-7.9415037	36	st-vincents-care-centre
St Vincent's Community Nursing Unit	Laois	Irishtown, Mountmellick	R32HK85	53.1116656	-7.3240366	60	st-vincents-community-nursing-unit
St Vincent's Hospital	Kildare	Woodstock Street, Athy	R14AY22	52.9981369	-6.9948184	82	st-vincents-hospital
Sugarloaf Care Centre	Wicklow	Kilmacanogue South, Kilmacanogue	A98C2CO	53.1612303	-6.1296160	119	sugarloaf-care-centre
Sullivan Centre	Cavan	Cathedral Road, Cavan	H12N274	53.996102	-7.3608607	20	sullivan-centre
Summerville Healthcare	Sligo	Strandhill	F91KT28	54.2636209	-8.5995586	47	summerville-healthcare
Suncroft Lodge Nursing Home	Kildare	Suncroft, The Curragh	R56HX05	53.1071989	-6.8601632	60	suncroft-lodge-nursing-home
Sunhill Nursing Home	Louth	Blackhall Road , Termonfeckin	A92F902	53.7648132	-6.2710823	102	sunhill-nursing-home
Swords Nursing Home	Dublin	Mount Ambrose, Swords	K67N1W0	53.4660921	-6.2745845	52	swords-nursing-home
Talbot Lodge Nursing Home	Dublin	17 Kinsealy Lane, Malahide	K36D295	53.4308407	-6.1697487	103	talbot-lodge-nursing-home
Tara Care Centre	Wicklow	5/6 Putland Road, Bray	A98YA89	53.1953037	-6.0995987	47	tara-care-centre
Tara Winthrop Private Clinic	Dublin	Nevinstown Lane, Pinnock Hill , Swords	K67HH57	53.4441401	-6.2271393	136	tara-winthrop-private-clinic
Teach Altra Nursing Home	Cork	Scarteen, Newmarket	P51D504	52.2167791	-9.0029679	42	teach-altra-nursing-home
An Teaghlach Uilinn Nursing Home	Galway	Kilrainey, Moycullen	H91RW96	53.3429619	-9.1766097	75	teaghlach-uilinn-nursing-home
Terenure Nursing Home	Dublin	122 Terenure Road West, Terenure Road	D6WPW58	53.3114293	-6.2975111	47	terenure-nursing-home
Thomond Lodge Nursing Home	Longford	Thomond Hall, Ballymahon	N39C597	53.5597264	-7.7718065	48	thomond-lodge-nursing-home
Thorpe's Nursing Home	Limerick	Clarina	V94A562	52.6298009	-8.7259811	42	thorpes-nursing-home
Tinnypark Nursing Home	Kilkenny	Derdimus, Callan Road	R95EF21	52.6236111	-7.2852819	47	tinnypark-nursing-home
TLC Carton	Dublin	Tonlegee Road, Raheny	D05N5K3	53.3914736	-6.1911607	163	tlc-carton-0
TLC Centre Maynooth	Kildare	Straffan Road, Maynooth	W23H028	53.3599481	-6.5942441	123	tlc-centre-maynooth
TLC Centre Santry	Dublin	Northwood Park, Santry 	D09H4X0	53.4051713	-6.2524633	100	tlc-centre-santry
TLC City West	Dublin	Cooldown Commons, Fortunestown Lane , Citywest 	D24K5KC	53.2863056	-6.4321866	119	tlc-city-west
Tralee Community Nursing Unit	Kerry	Teile Carraig, Killerisk Road, Tralee	V92YC82	52.2645368	-9.6828525	43	tralee-community-nursing-unit
Tramore Nursing Home	Waterford	Newtown, Tramore	X91DKF5	52.1569111	-7.1689127	93	tramore-nursing-home
Tymon North Community Unit	Dublin	Tymon North Road, Tallaght	D24Y2XD	53.2985807	-6.3465031	48	tymon-north-community-unit
Unit 1 St Stephen's Hospital	Cork	St Stephens Hospital, Sarsfield Court, Glanmire	T45VK40	51.952681	-8.4006045	16	unit-1-st-stephens-hospital
Valentia Hospital	Kerry	Farranreagh, Valentia Island	V23V968	51.9214269	-10.2953865	24	valentia-hospital
Valentia Nursing Home	Wexford	Camolin	Y21C677	52.6139308	-6.429234	39	valentia-nursing-home
The Village Residence	Louth	St Mary's Residential Care Service, Dublin Road, Drogheda	A92X862	53.7113626	-6.3410189	60	village-residence
Villa Marie Nursing Home	Tipperary	Grange, Templemore Road, Roscrea	E53NC56	52.9389427	-7.7878715	30	villa-marie-nursing-home
Virginia Community Health Centre	Cavan	Dublin Road, Virginia	A82AH29	53.8316292	-7.0676282	56	virginia-community-health-centre
Waterford Nursing Home	Waterford	Ballinakill Downs, Dunmore Road	X91TA49	52.2404054	-7.0646133	60	waterford-nursing-home
Waterford Residential Care Centre	Waterford	St Patrick's Way, Waterford	X91XE86	52.2500965	-7.1027053	80	waterford-residential-care-centre
West Clare Nursing Home St Theresa's Kilrush	Clare	Leadmore East, Kilkee Road, Kilrush	V15PC56	52.6459349	-9.495034	39	west-clare-nursing-home-st-theresas-kilrush
Willow Brooke Care Centre	Kerry	College Road, Castleisland	V92YR5F	52.237873	-9.4552721	73	willow-brooke-care-centre
Willowbrook Lodge	Tipperary	Mocklershill, Fethard	E91R7R2	52.5110655	-7.8027846	27	willowbrook-lodge
Willowbrook Nursing Home	Kildare	Borohard, Newbridge	W12VF40	53.2016122	-6.7545479	50	willowbrook-nursing-home
Windmill House Care Centre	Cork	Churchtown, Mallow	P51KW65	52.2747135	-8.7339431	40	windmill-house-care-centre
Woodlands House Nursing Home	Meath	Trim Road, Navan	C15V585	53.6465983	-6.6857036	36	woodlands-house-nursing-home
Woodlands Nursing Home	Tipperary	Bishopswood, Dundrum	E34NX20	52.571362	-8.028679	43	woodlands-nursing-home
Woodlawn Manor Nursing Home	Dublin	St Doolaghs House, Malahide Road, Balgriffin	D17TR63	53.4147437	-6.174801	97	woodlawn-manor-nursing-home
Wygram Nursing Home	Wexford	Davitt Road, Wexford Town	Y35H6P1	52.3394565	-6.4704968	71	wygram-nursing-home
Youghal and District Nursing Home	Cork	Gortroe, Youghal	P36CF88	51.9305644	-7.9153315	54	youghal-and-district-nursing-home
Youghal Community Hospital	Cork	Cork Hill, Youghal	P36HX95	51.9575695	-7.8600494	31	youghal-community-hospital
